gold,exp,rarity_roll,monsters,gold_multiplier,final_gold,rarity
69,76,0.2874685824952521,Orc,2.0,138.0,common
28,88,0.3890134895351184,Orc,2.0,56.0,common
50,165,0.1482411289857678,Orc,2.0,100.0,common
20,145,0.8564661758643821,Goblin,1.0,20.0,rarity
89,75,0.21689129568179277,Goblin,1.0,89.0,common
98,87,0.08816273008867315,Orc,2.0,196.0,common
43,136,0.7310522769649805,Goblin,1.0,43.0,common
33,57,0.5706096644983063,Orc,2.0,66.0,common
66,156,0.3738177411827376,Goblin,1.0,66.0,common
13,50,0.9608822953268992,Orc,2.0,26.0,legendary
12,73,0.1382592785071941,Goblin,1.0,12.0,common
52,170,0.0686361448255457,Goblin,1.0,52.0,common
70,142,0.185033818114836,Goblin,1.0,70.0,common
13,172,0.38689115144307307,Orc,2.0,26.0,common
63,137,0.961791848476176,Orc,2.0,126.0,legendary
35,85,0.9602841568089516,Goblin,1.0,35.0,legendary
24,101,0.020896247580845295,Goblin,1.0,24.0,common
86,177,0.6624106722091195,Orc,2.0,172.0,common
19,185,0.784008914297663,Dragon,10.0,190.0,common
77,99,0.2616007644641902,Orc,2.0,154.0,common
84,161,0.1730545755398829,Goblin,1.0,84.0,common
88,176,0.30189892184377776,Orc,2.0,176.0,common
76,76,0.7383821103280316,Orc,2.0,152.0,common
70,114,0.92060857801398,Goblin,1.0,70.0,rarity
12,129,0.16292726214722963,Goblin,1.0,12.0,common
92,95,0.6398320580490936,Goblin,1.0,92.0,common
72,139,0.9078135339775012,Goblin,1.0,72.0,rarity
71,139,0.9447643656482118,Goblin,1.0,71.0,rarity
32,76,0.5580578293056262,Orc,2.0,64.0,common
49,96,0.7251824599028159,Goblin,1.0,49.0,common
10,140,0.13800088571048585,Orc,2.0,20.0,common
22,104,0.04194939223351912,Dragon,10.0,220.0,common
55,106,0.6663540635431828,Goblin,1.0,55.0,common
59,144,0.21114262302018405,Orc,2.0,118.0,common
48,65,0.581844266727172,Goblin,1.0,48.0,common
66,75,0.1805079145044347,Dragon,10.0,660.0,common
83,81,0.9918770379783216,Goblin,1.0,83.0,legendary
97,197,0.4023992404775826,Orc,2.0,194.0,common
54,125,0.12192368245063834,Orc,2.0,108.0,common
50,188,0.5062940060304583,Goblin,1.0,50.0,common
14,68,0.050788749133717226,Goblin,1.0,14.0,common
23,185,0.48034564449999195,Goblin,1.0,23.0,common
96,74,0.626625344870281,Goblin,1.0,96.0,common
94,174,0.97527865657843,Orc,2.0,188.0,legendary
69,96,0.40602232978376684,Goblin,1.0,69.0,common
93,105,0.6243051453928882,Goblin,1.0,93.0,common
59,58,0.17860943670802543,Goblin,1.0,59.0,common
42,172,0.3107583531183544,Goblin,1.0,42.0,common
89,197,0.8191821517521893,Goblin,1.0,89.0,rarity
70,132,0.04714418303439716,Goblin,1.0,70.0,common
34,121,0.3773534921627075,Orc,2.0,68.0,common
79,92,0.27405691452524006,Goblin,1.0,79.0,common
43,107,0.4223253610143157,Orc,2.0,86.0,common
99,177,0.6542311729799904,Goblin,1.0,99.0,common
23,97,0.11130499302784436,Dragon,10.0,230.0,common
58,142,0.9024606020140572,Goblin,1.0,58.0,rarity
88,194,0.5427391075123479,Goblin,1.0,88.0,common
17,156,0.4629325459005077,Orc,2.0,34.0,common
19,140,0.37749675756404144,Orc,2.0,38.0,common
47,113,0.06938832049411336,Orc,2.0,94.0,common
93,89,0.33655272996207,Goblin,1.0,93.0,common
93,148,0.7993300615532971,Goblin,1.0,93.0,common
38,172,0.32669913809753925,Goblin,1.0,38.0,common
18,53,0.16643756988650582,Goblin,1.0,18.0,common
75,162,0.30884509560372886,Goblin,1.0,75.0,common
20,149,0.34228317106838446,Goblin,1.0,20.0,common
49,128,0.9647701328373745,Goblin,1.0,49.0,legendary
69,54,0.40499517760766757,Orc,2.0,138.0,common
72,121,0.24362183421779382,Orc,2.0,144.0,common
19,88,0.2102724265353486,Goblin,1.0,19.0,common
32,84,0.2228530112408169,Dragon,10.0,320.0,common
62,154,0.528873887089154,Goblin,1.0,62.0,common
17,116,0.8321454808850449,Goblin,1.0,17.0,rarity
36,60,0.7212477155807608,Goblin,1.0,36.0,common
14,51,0.0074999755927214196,Orc,2.0,28.0,common
94,164,0.2950209906067889,Goblin,1.0,94.0,common
19,169,0.6718464330284273,Orc,2.0,38.0,common
94,78,0.27876561343962425,Orc,2.0,188.0,common
42,59,0.8228580781004408,Orc,2.0,84.0,rarity
68,101,0.8682726553530596,Orc,2.0,136.0,rarity
90,132,0.5992987248580218,Goblin,1.0,90.0,common
63,156,0.4224494421115699,Dragon,10.0,630.0,common
36,81,0.6313473423661812,Goblin,1.0,36.0,common
13,153,0.012436003696403741,Goblin,1.0,13.0,common
61,100,0.8872870009316158,Goblin,1.0,61.0,rarity
47,55,0.4894610880231489,Goblin,1.0,47.0,common
14,166,0.3723099642424612,Orc,2.0,28.0,common
87,61,0.6389174589138421,Dragon,10.0,870.0,common
33,66,0.644039531394909,Orc,2.0,66.0,common
47,98,0.8099857037910024,Orc,2.0,94.0,rarity
74,94,0.10998796422305701,Goblin,1.0,74.0,common
58,160,0.17013069653231083,Goblin,1.0,58.0,common
56,112,0.885157963890249,Goblin,1.0,56.0,rarity
39,147,0.7295820215662223,Goblin,1.0,39.0,common
38,180,0.626866518178935,Goblin,1.0,38.0,common
82,84,0.510130754600555,Goblin,1.0,82.0,common
68,119,0.7458101816552365,Goblin,1.0,68.0,common
65,55,0.2623465689838834,Goblin,1.0,65.0,common
49,172,0.6877387060474199,Orc,2.0,98.0,common
71,151,0.43171910672360514,Goblin,1.0,71.0,common
40,60,0.513614187066947,Orc,2.0,80.0,common
93,100,0.11384583895578348,Goblin,1.0,93.0,common
32,184,0.4594758202273247,Orc,2.0,64.0,common
70,114,0.8511476823904106,Orc,2.0,140.0,rarity
72,144,0.9315458261002233,Goblin,1.0,72.0,rarity
44,189,0.1766372351747828,Goblin,1.0,44.0,common
46,141,0.001656311129354937,Orc,2.0,92.0,common
68,51,0.31471555238921634,Goblin,1.0,68.0,common
78,190,0.9195585902870587,Goblin,1.0,78.0,rarity
21,154,0.04585660288421878,Goblin,1.0,21.0,common
92,177,0.7175983021040908,Goblin,1.0,92.0,common
37,182,0.4121829886254247,Goblin,1.0,37.0,common
60,76,0.2885297447394445,Orc,2.0,120.0,common
25,77,0.8148591739447041,Goblin,1.0,25.0,rarity
21,100,0.461658474264812,Goblin,1.0,21.0,common
13,111,0.9605091598727293,Goblin,1.0,13.0,legendary
34,154,0.6383436172054386,Goblin,1.0,34.0,common
92,63,0.29921386683649087,Orc,2.0,184.0,common
79,109,0.11062030120521826,Orc,2.0,158.0,common
38,143,0.5582616502614619,Goblin,1.0,38.0,common
74,91,0.45759271680803415,Goblin,1.0,74.0,common
59,123,0.9603263476023924,Orc,2.0,118.0,legendary
84,176,0.05996163636793783,Orc,2.0,168.0,common
19,60,0.6196546465196748,Orc,2.0,38.0,common
45,194,0.4002917264871102,Goblin,1.0,45.0,common
70,77,0.022348067525488347,Orc,2.0,140.0,common
60,51,0.19804482506382437,Goblin,1.0,60.0,common
89,100,0.47104855890401887,Goblin,1.0,89.0,common
54,91,0.22045586697703534,Orc,2.0,108.0,common
23,120,0.7758161853976827,Goblin,1.0,23.0,common
54,107,0.2995398042752109,Goblin,1.0,54.0,common
90,55,0.530535877056104,Goblin,1.0,90.0,common
31,146,0.1835429749936649,Goblin,1.0,31.0,common
73,137,0.11203428998876652,Goblin,1.0,73.0,common
41,179,0.10834260297927889,Orc,2.0,82.0,common
11,175,0.5792034962791673,Goblin,1.0,11.0,common
53,124,0.7980656359350062,Goblin,1.0,53.0,common
31,123,0.3254635055851882,Goblin,1.0,31.0,common
29,165,0.8168017091096632,Orc,2.0,58.0,rarity
66,158,0.5764917341984507,Goblin,1.0,66.0,common
61,127,0.9839566883540526,Orc,2.0,122.0,legendary
90,67,0.21146844314727564,Orc,2.0,180.0,common
53,166,0.13272085579903092,Dragon,10.0,530.0,common
82,66,0.4386655356065522,Goblin,1.0,82.0,common
66,142,0.7087745536381272,Orc,2.0,132.0,common
28,142,0.06609880036755456,Goblin,1.0,28.0,common
32,113,0.3509772479505683,Orc,2.0,64.0,common
83,96,0.22844749668451192,Goblin,1.0,83.0,common
97,154,0.20108049119689442,Orc,2.0,194.0,common
34,57,0.5459024756205189,Goblin,1.0,34.0,common
85,155,0.4773811579249134,Dragon,10.0,850.0,common
26,103,0.8568352976237165,Orc,2.0,52.0,rarity
50,100,0.345345319156258,Orc,2.0,100.0,common
42,82,0.2469853102195173,Goblin,1.0,42.0,common
17,110,0.7474341631458817,Orc,2.0,34.0,common
60,131,0.057499356390456335,Goblin,1.0,60.0,common
36,51,0.7174261584303703,Goblin,1.0,36.0,common
95,156,0.620153361105156,Goblin,1.0,95.0,common
92,125,0.4072878871430592,Goblin,1.0,92.0,common
55,198,0.6948848771020335,Goblin,1.0,55.0,common
96,59,0.5471179212827648,Goblin,1.0,96.0,common
65,185,0.8826642634946283,Orc,2.0,130.0,rarity
65,176,0.3085536284442504,Goblin,1.0,65.0,common
17,73,0.662774397114344,Goblin,1.0,17.0,common
45,119,0.6090641145455604,Orc,2.0,90.0,common
52,178,0.949478085066656,Goblin,1.0,52.0,rarity
42,184,0.958706975206231,Orc,2.0,84.0,legendary
19,164,0.9378490854312385,Orc,2.0,38.0,rarity
35,153,0.3980735491520484,Goblin,1.0,35.0,common
95,196,0.0735751746845521,Goblin,1.0,95.0,common
71,147,0.11046111008357695,Goblin,1.0,71.0,common
91,113,0.928028896347934,Goblin,1.0,91.0,rarity
24,84,0.6586930882258013,Goblin,1.0,24.0,common
47,151,0.8580247227484461,Goblin,1.0,47.0,rarity
42,136,0.8173408099879571,Goblin,1.0,42.0,rarity
17,54,0.898524290195268,Orc,2.0,34.0,rarity
81,173,0.7369169762259569,Goblin,1.0,81.0,common
67,187,0.31450528896021546,Goblin,1.0,67.0,common
49,144,0.1476560737923842,Goblin,1.0,49.0,common
12,143,0.43387826372677296,Goblin,1.0,12.0,common
48,119,0.6798912464844847,Orc,2.0,96.0,common
58,68,0.0029849546464844057,Goblin,1.0,58.0,common
39,199,0.7517136970563101,Dragon,10.0,390.0,common
59,145,0.8701747171091099,Orc,2.0,118.0,rarity
15,166,0.4872752388480578,Goblin,1.0,15.0,common
93,132,0.3400010232595646,Orc,2.0,186.0,common
93,145,0.3883032847748352,Orc,2.0,186.0,common
80,193,0.5200198389593235,Goblin,1.0,80.0,common
41,192,0.6988762018550513,Orc,2.0,82.0,common
53,63,0.23078365795039668,Orc,2.0,106.0,common
73,128,0.6297399527535044,Goblin,1.0,73.0,common
55,196,0.21015103504652277,Orc,2.0,110.0,common
18,68,0.21014042086591023,Orc,2.0,36.0,common
64,188,0.04554721920672733,Goblin,1.0,64.0,common
45,190,0.9792362305535233,Goblin,1.0,45.0,legendary
38,160,0.7121047058068828,Goblin,1.0,38.0,common
57,99,0.6152346724780147,Goblin,1.0,57.0,common
61,129,0.8269027930988417,Orc,2.0,122.0,rarity
40,64,0.9253261405947448,Orc,2.0,80.0,rarity
52,54,0.3557929850256337,Orc,2.0,104.0,common
34,196,0.13718763324462024,Orc,2.0,68.0,common
95,74,0.7803785014904138,Goblin,1.0,95.0,common
26,107,0.1866613159148418,Goblin,1.0,26.0,common
25,153,0.8746332048366074,Goblin,1.0,25.0,rarity
95,191,0.407895340631362,Goblin,1.0,95.0,common
79,158,0.19920044545743132,Goblin,1.0,79.0,common
69,113,0.12437112294290265,Orc,2.0,138.0,common
22,79,0.09170181646131104,Orc,2.0,44.0,common
99,126,0.7851824624563832,Goblin,1.0,99.0,common
38,65,0.9396773862589137,Goblin,1.0,38.0,rarity
86,134,0.9660460711462459,Orc,2.0,172.0,legendary
20,90,0.558143447209795,Goblin,1.0,20.0,common
19,157,0.06654327738909271,Goblin,1.0,19.0,common
12,124,0.9608985862608286,Goblin,1.0,12.0,legendary
18,150,0.980093688033482,Goblin,1.0,18.0,legendary
79,129,0.6761479804404823,Goblin,1.0,79.0,common
88,188,0.9893408781303156,Goblin,1.0,88.0,legendary
61,107,0.4126594726276953,Goblin,1.0,61.0,common
41,126,0.8595395046998149,Dragon,10.0,410.0,rarity
13,122,0.10282927858336433,Goblin,1.0,13.0,common
38,53,0.7261854192853839,Goblin,1.0,38.0,common
61,69,0.5190705215526881,Orc,2.0,122.0,common
37,188,0.7918805774759862,Orc,2.0,74.0,common
12,104,0.20814213062519338,Goblin,1.0,12.0,common
87,185,0.6538934116140126,Orc,2.0,174.0,common
49,59,0.6533900804301455,Orc,2.0,98.0,common
30,126,0.35745463659458365,Goblin,1.0,30.0,common
56,60,0.1973421935014955,Orc,2.0,112.0,common
77,116,0.7040026271055434,Goblin,1.0,77.0,common
92,92,0.8651095437337275,Goblin,1.0,92.0,rarity
96,57,0.571910433170125,Orc,2.0,192.0,common
41,126,0.9672216244847252,Goblin,1.0,41.0,legendary
57,132,0.8179964637630103,Goblin,1.0,57.0,rarity
90,50,0.061123237607042635,Goblin,1.0,90.0,common
19,144,0.5883294448263161,Goblin,1.0,19.0,common
83,56,0.5236969506071136,Orc,2.0,166.0,common
78,126,0.5199185159518989,Goblin,1.0,78.0,common
71,130,0.5104477538272579,Goblin,1.0,71.0,common
30,97,0.11960090170510562,Goblin,1.0,30.0,common
20,69,0.32154338093755575,Goblin,1.0,20.0,common
35,71,0.02037641355335551,Orc,2.0,70.0,common
18,166,0.6498345237083999,Goblin,1.0,18.0,common
24,92,0.7200514590568304,Dragon,10.0,240.0,common
10,195,0.8211438592019603,Goblin,1.0,10.0,rarity
46,51,0.8168002373972554,Goblin,1.0,46.0,rarity
47,174,0.8682652106866192,Goblin,1.0,47.0,rarity
58,98,0.9996529796262781,Orc,2.0,116.0,legendary
80,199,0.3699816368127984,Goblin,1.0,80.0,common
48,154,0.17677037941527118,Goblin,1.0,48.0,common
68,121,0.6323792290887608,Goblin,1.0,68.0,common
48,116,0.4910754578870573,Goblin,1.0,48.0,common
25,121,0.36728444519684134,Orc,2.0,50.0,common
51,199,0.47902804115528197,Goblin,1.0,51.0,common
57,186,0.5404796402589388,Goblin,1.0,57.0,common
82,191,0.10347938145932323,Goblin,1.0,82.0,common
87,70,0.4216632979200855,Goblin,1.0,87.0,common
89,88,0.3132000770792013,Orc,2.0,178.0,common
24,99,0.5853183051161669,Dragon,10.0,240.0,common
56,78,0.8617640125031825,Orc,2.0,112.0,rarity
45,63,0.4152837007119502,Goblin,1.0,45.0,common
31,154,0.39652628549421687,Goblin,1.0,31.0,common
86,168,0.6247373860127085,Dragon,10.0,860.0,common
20,178,0.9511831491169226,Goblin,1.0,20.0,legendary
14,115,0.9033218773586648,Goblin,1.0,14.0,rarity
19,84,0.37268149632217906,Orc,2.0,38.0,common
88,131,0.8198766357520134,Orc,2.0,176.0,rarity
27,194,0.6332773929857349,Goblin,1.0,27.0,common
35,64,0.6606722499108187,Goblin,1.0,35.0,common
80,110,0.6916251565403954,Goblin,1.0,80.0,common
14,111,0.4610677082185338,Goblin,1.0,14.0,common
61,152,0.9909066443342587,Orc,2.0,122.0,legendary
28,106,0.8634286924343891,Goblin,1.0,28.0,rarity
81,106,0.02741493744296941,Goblin,1.0,81.0,common
97,198,0.4568752966910703,Dragon,10.0,970.0,common
46,193,0.9474295290505231,Orc,2.0,92.0,rarity
88,173,0.3139641868612397,Goblin,1.0,88.0,common
50,65,0.057095889499607644,Orc,2.0,100.0,common
45,137,0.2783165983376663,Goblin,1.0,45.0,common
69,89,0.7392307424825795,Orc,2.0,138.0,common
12,124,0.9211195868927944,Goblin,1.0,12.0,rarity
80,148,0.37416236000420844,Dragon,10.0,800.0,common
52,143,0.589634143987882,Goblin,1.0,52.0,common
26,97,0.6964773077353628,Goblin,1.0,26.0,common
53,89,0.429520510285778,Goblin,1.0,53.0,common
86,62,0.6436917282043532,Goblin,1.0,86.0,common
29,117,0.8265155752276847,Goblin,1.0,29.0,rarity
27,91,0.07533509545973538,Orc,2.0,54.0,common
71,64,0.3381330082653141,Goblin,1.0,71.0,common
60,184,0.9656506234299067,Dragon,10.0,600.0,legendary
26,158,0.14302787964453345,Orc,2.0,52.0,common
36,64,0.6795732983371523,Goblin,1.0,36.0,common
38,91,0.15939138874434378,Orc,2.0,76.0,common
60,50,0.1835916867451729,Goblin,1.0,60.0,common
16,63,0.7618800230703644,Goblin,1.0,16.0,common
85,141,0.21778044315493916,Goblin,1.0,85.0,common
85,171,0.7627232185429328,Orc,2.0,170.0,common
16,87,0.07805150516357784,Orc,2.0,32.0,common
73,161,0.8702630373516101,Goblin,1.0,73.0,rarity
50,158,0.7893587024596788,Goblin,1.0,50.0,common
62,53,0.08982387038296402,Goblin,1.0,62.0,common
44,98,0.42946904612609027,Orc,2.0,88.0,common
69,68,0.5156386510860452,Orc,2.0,138.0,common
67,176,0.9903490894912448,Orc,2.0,134.0,legendary
55,133,0.37629001243590554,Orc,2.0,110.0,common
39,181,0.8953896549117839,Goblin,1.0,39.0,rarity
59,119,0.3694344566405694,Orc,2.0,118.0,common
38,138,0.38001776877648374,Goblin,1.0,38.0,common
38,85,0.20651609199232246,Goblin,1.0,38.0,common
49,84,0.5154727976037929,Goblin,1.0,49.0,common
33,54,0.9227626025193412,Goblin,1.0,33.0,rarity
43,176,0.40723110882019475,Goblin,1.0,43.0,common
89,164,0.8594296475198732,Goblin,1.0,89.0,rarity
97,107,0.2614611683738647,Goblin,1.0,97.0,common
23,176,0.6096409024871605,Goblin,1.0,23.0,common
55,84,0.5842362624120707,Goblin,1.0,55.0,common
64,83,0.45555160923671334,Goblin,1.0,64.0,common
51,65,0.30729116003876933,Goblin,1.0,51.0,common
64,127,0.5644251280528585,Goblin,1.0,64.0,common
15,132,0.28202234428136974,Goblin,1.0,15.0,common
72,170,0.9753007112211531,Orc,2.0,144.0,legendary
29,132,0.969764955384798,Orc,2.0,58.0,legendary
38,176,0.5834634792712915,Goblin,1.0,38.0,common
21,160,0.11762483487141973,Orc,2.0,42.0,common
15,139,0.3753287818429477,Orc,2.0,30.0,common
80,169,0.45130512670207523,Orc,2.0,160.0,common
60,110,0.7210815717237431,Goblin,1.0,60.0,common
24,72,0.22976761398379664,Orc,2.0,48.0,common
15,50,0.6382950728777108,Orc,2.0,30.0,common
82,79,0.23399299144804908,Goblin,1.0,82.0,common
64,72,0.4185215038920763,Goblin,1.0,64.0,common
36,133,0.1380535714301666,Goblin,1.0,36.0,common
14,67,0.3717497078340065,Goblin,1.0,14.0,common
58,78,0.7796928128076807,Goblin,1.0,58.0,common
25,94,0.6315783318947686,Orc,2.0,50.0,common
67,151,0.5890123733750565,Orc,2.0,134.0,common
13,142,0.7439324600178223,Goblin,1.0,13.0,common
19,187,0.31577911446822937,Goblin,1.0,19.0,common
86,86,0.3985744670101018,Goblin,1.0,86.0,common
35,195,0.40011530401649065,Orc,2.0,70.0,common
34,162,0.9337656852234163,Orc,2.0,68.0,rarity
84,97,0.6313656825904901,Goblin,1.0,84.0,common
44,173,0.6704810038893672,Orc,2.0,88.0,common
10,148,0.3670129702160766,Goblin,1.0,10.0,common
20,143,0.6166154066527662,Orc,2.0,40.0,common
81,86,0.09338754654851655,Goblin,1.0,81.0,common
78,153,0.6424661611048933,Orc,2.0,156.0,common
75,125,0.5907172537914092,Goblin,1.0,75.0,common
32,146,0.9222269468674478,Goblin,1.0,32.0,rarity
81,77,0.7385673287911496,Orc,2.0,162.0,common
20,70,0.1081895220085346,Goblin,1.0,20.0,common
59,52,0.3339493135938272,Goblin,1.0,59.0,common
26,142,0.03131253899437403,Orc,2.0,52.0,common
56,128,0.9479834221717262,Goblin,1.0,56.0,rarity
63,60,0.38213244759571363,Goblin,1.0,63.0,common
72,126,0.7843809602521029,Goblin,1.0,72.0,common
31,65,0.7883130391215188,Orc,2.0,62.0,common
12,58,0.10339239679090806,Orc,2.0,24.0,common
73,168,0.5730659674544181,Goblin,1.0,73.0,common
92,79,0.21748458477011645,Dragon,10.0,920.0,common
22,66,0.9375340021866628,Orc,2.0,44.0,rarity
37,122,0.049339683314723715,Orc,2.0,74.0,common
11,129,0.4146010562265324,Orc,2.0,22.0,common
75,119,0.4023737035217252,Orc,2.0,150.0,common
40,98,0.7693042564034261,Goblin,1.0,40.0,common
69,74,0.7140579386499875,Goblin,1.0,69.0,common
60,179,0.09849947988331109,Goblin,1.0,60.0,common
58,70,0.06803331674297153,Orc,2.0,116.0,common
23,110,0.7636587886899254,Orc,2.0,46.0,common
23,153,0.30158287680323204,Orc,2.0,46.0,common
45,184,0.3747050912186264,Orc,2.0,90.0,common
32,62,0.8677110559376724,Goblin,1.0,32.0,rarity
87,177,0.49450017071848784,Goblin,1.0,87.0,common
85,104,0.6162024262592556,Goblin,1.0,85.0,common
96,197,0.8318293715649104,Orc,2.0,192.0,rarity
91,108,0.5976454818001568,Orc,2.0,182.0,common
25,186,0.9489828322630218,Goblin,1.0,25.0,rarity
22,155,0.038891925945967576,Goblin,1.0,22.0,common
90,184,0.5199770228574326,Goblin,1.0,90.0,common
54,146,0.22052939964791085,Goblin,1.0,54.0,common
70,106,0.8701012478739125,Goblin,1.0,70.0,rarity
44,145,0.016432316419002113,Orc,2.0,88.0,common
32,145,0.5646878395830618,Goblin,1.0,32.0,common
86,50,0.786403811873664,Orc,2.0,172.0,common
62,121,0.34854354263028176,Dragon,10.0,620.0,common
67,69,0.29410453263716807,Orc,2.0,134.0,common
96,169,0.4366193279538072,Orc,2.0,192.0,common
16,79,0.08174387781592951,Orc,2.0,32.0,common
79,116,0.021272383643508364,Orc,2.0,158.0,common
81,65,0.4468763393293781,Orc,2.0,162.0,common
87,130,0.5464380391990623,Goblin,1.0,87.0,common
72,174,0.004291225409991939,Goblin,1.0,72.0,common
22,96,0.32687131370734324,Goblin,1.0,22.0,common
99,64,0.34854181838516707,Goblin,1.0,99.0,common
21,91,0.7141068282025973,Goblin,1.0,21.0,common
76,164,0.8846364357490737,Goblin,1.0,76.0,rarity
90,117,0.020205553064411852,Goblin,1.0,90.0,common
98,98,0.3413594846571075,Goblin,1.0,98.0,common
73,173,0.6910149937864835,Orc,2.0,146.0,common
95,58,0.9289683965389056,Orc,2.0,190.0,rarity
46,63,0.11474318139772322,Orc,2.0,92.0,common
89,136,0.2766605391386002,Goblin,1.0,89.0,common
79,83,0.7869600361027613,Orc,2.0,158.0,common
31,155,0.06091916031663658,Orc,2.0,62.0,common
35,124,0.7565759309766752,Goblin,1.0,35.0,common
77,181,0.2045392392963935,Orc,2.0,154.0,common
68,153,0.029836750923641464,Goblin,1.0,68.0,common
62,164,0.9788781406657324,Goblin,1.0,62.0,legendary
19,117,0.9278021619025265,Goblin,1.0,19.0,rarity
48,143,0.14896901570877208,Goblin,1.0,48.0,common
82,87,0.4381223586732379,Goblin,1.0,82.0,common
90,154,0.9519197587456262,Goblin,1.0,90.0,legendary
49,178,0.8898658081307668,Goblin,1.0,49.0,rarity
67,80,0.8862682864972482,Goblin,1.0,67.0,rarity
68,89,0.09642868743589283,Orc,2.0,136.0,common
34,55,0.7367199452986036,Orc,2.0,68.0,common
29,106,0.9203938432858949,Goblin,1.0,29.0,rarity
85,120,0.24846710429898244,Orc,2.0,170.0,common
65,54,0.25945730874584483,Orc,2.0,130.0,common
99,65,0.24827554193311918,Orc,2.0,198.0,common
36,101,0.8971787450155163,Goblin,1.0,36.0,rarity
22,64,0.6110640393948689,Goblin,1.0,22.0,common
95,93,0.45210257287735045,Dragon,10.0,950.0,common
86,126,0.11608991130413215,Orc,2.0,172.0,common
92,83,0.6856145330996823,Goblin,1.0,92.0,common
13,171,0.8273225608778404,Goblin,1.0,13.0,rarity
94,187,0.3231894950569838,Goblin,1.0,94.0,common
83,73,0.14267654887005354,Goblin,1.0,83.0,common
86,128,0.002265384825534511,Goblin,1.0,86.0,common
61,101,0.01645035904670089,Orc,2.0,122.0,common
16,166,0.851028545585901,Orc,2.0,32.0,rarity
93,137,0.912467172221619,Goblin,1.0,93.0,rarity
46,156,0.3866978401850035,Orc,2.0,92.0,common
44,69,0.15628081377031555,Goblin,1.0,44.0,common
39,184,0.36601487517219256,Goblin,1.0,39.0,common
54,111,0.9009164268414691,Goblin,1.0,54.0,rarity
42,80,0.5425262557629205,Goblin,1.0,42.0,common
41,114,0.7451452314331258,Goblin,1.0,41.0,common
45,133,0.11775587053876235,Orc,2.0,90.0,common
82,176,0.3665306298754363,Orc,2.0,164.0,common
54,137,0.8913831138749639,Goblin,1.0,54.0,rarity
48,114,0.40392865374786213,Goblin,1.0,48.0,common
50,100,0.49786738702659594,Goblin,1.0,50.0,common
60,77,0.9267697698074545,Goblin,1.0,60.0,rarity
68,148,0.206006109008119,Orc,2.0,136.0,common
30,108,0.14531658936700897,Goblin,1.0,30.0,common
75,167,0.24829490044063762,Goblin,1.0,75.0,common
65,134,0.1665086678738409,Dragon,10.0,650.0,common
53,65,0.8265808259993165,Goblin,1.0,53.0,rarity
17,109,0.7587537071643649,Orc,2.0,34.0,common
72,102,0.9426096599290872,Orc,2.0,144.0,rarity
78,125,0.039879580314696295,Goblin,1.0,78.0,common
22,115,0.4579999082341215,Goblin,1.0,22.0,common
20,66,0.19828112313209967,Goblin,1.0,20.0,common
38,91,0.08678348937861702,Goblin,1.0,38.0,common
24,103,0.9234072179990118,Goblin,1.0,24.0,rarity
22,147,0.5628838949762193,Orc,2.0,44.0,common
73,54,0.43126999265811616,Orc,2.0,146.0,common
14,82,0.15644926365203693,Orc,2.0,28.0,common
64,126,0.1777156826485069,Goblin,1.0,64.0,common
47,82,0.0031417729045694065,Goblin,1.0,47.0,common
60,123,0.045181955894066705,Dragon,10.0,600.0,common
50,83,0.4427271244189005,Orc,2.0,100.0,common
88,64,0.046250754334053346,Goblin,1.0,88.0,common
58,171,0.6572236192565002,Goblin,1.0,58.0,common
84,147,0.6602188755213994,Orc,2.0,168.0,common
81,54,0.189751981488551,Goblin,1.0,81.0,common
49,188,0.8509862430348312,Goblin,1.0,49.0,rarity
74,168,0.09301180463280379,Goblin,1.0,74.0,common
19,194,0.31750263381999333,Orc,2.0,38.0,common
93,135,0.06321130228012906,Dragon,10.0,930.0,common
79,105,0.8925490216064464,Goblin,1.0,79.0,rarity
50,73,0.45193196798628377,Goblin,1.0,50.0,common
58,177,0.9175066061934224,Orc,2.0,116.0,rarity
84,90,0.4039068184938934,Goblin,1.0,84.0,common
47,75,0.6884122016357582,Goblin,1.0,47.0,common
97,58,0.5845095430748709,Orc,2.0,194.0,common
88,58,0.2875739359451077,Orc,2.0,176.0,common
71,135,0.8846950506855527,Goblin,1.0,71.0,rarity
24,127,0.0204594593012688,Orc,2.0,48.0,common
54,162,0.4408062554202057,Orc,2.0,108.0,common
13,187,0.0038658850668038536,Orc,2.0,26.0,common
65,68,0.5064224807134851,Orc,2.0,130.0,common
89,172,0.07757029682987793,Goblin,1.0,89.0,common
88,134,0.8681668696284904,Goblin,1.0,88.0,rarity
65,166,0.6607693898335716,Goblin,1.0,65.0,common
73,85,0.778347834353721,Goblin,1.0,73.0,common
12,63,0.38160647030335304,Orc,2.0,24.0,common
93,91,0.7754429130747851,Goblin,1.0,93.0,common
57,149,0.04840142941967984,Orc,2.0,114.0,common
92,159,0.9477160631613158,Orc,2.0,184.0,rarity
35,73,0.38880900735349777,Goblin,1.0,35.0,common
63,185,0.1064344212292695,Goblin,1.0,63.0,common
60,164,0.39521452091852616,Dragon,10.0,600.0,common
10,106,0.05410284705720103,Goblin,1.0,10.0,common
96,108,0.2896742734779254,Orc,2.0,192.0,common
70,92,0.4569365759524766,Orc,2.0,140.0,common
65,78,0.044938705621305974,Goblin,1.0,65.0,common
89,116,0.700981994173674,Goblin,1.0,89.0,common
83,194,0.9601602075732162,Orc,2.0,166.0,legendary
87,55,0.10211873352570311,Goblin,1.0,87.0,common
91,58,0.9723266241308914,Goblin,1.0,91.0,legendary
92,59,0.033926159494327646,Goblin,1.0,92.0,common
76,197,0.26431924586558897,Goblin,1.0,76.0,common
49,116,0.405885575979936,Orc,2.0,98.0,common
59,148,0.08475471566863935,Orc,2.0,118.0,common
11,116,0.3000711224422985,Orc,2.0,22.0,common
23,111,0.5616003398615805,Orc,2.0,46.0,common
67,109,0.8551522537268001,Orc,2.0,134.0,rarity
46,184,0.3341690545131756,Orc,2.0,92.0,common
93,148,0.9587482847033222,Goblin,1.0,93.0,legendary
59,172,0.7609515391586326,Orc,2.0,118.0,common
94,124,0.4398296605781441,Orc,2.0,188.0,common
64,173,0.5712193927639433,Goblin,1.0,64.0,common
49,147,0.7329715444516797,Goblin,1.0,49.0,common
13,108,0.1265742547929407,Orc,2.0,26.0,common
47,128,0.5850962886711781,Goblin,1.0,47.0,common
15,60,0.5393337658014492,Goblin,1.0,15.0,common
29,178,0.3557385644642096,Goblin,1.0,29.0,common
47,141,0.14289200169509375,Goblin,1.0,47.0,common
12,174,0.9951438573644605,Orc,2.0,24.0,legendary
51,159,0.5362883332331756,Goblin,1.0,51.0,common
23,69,0.7171680732838558,Orc,2.0,46.0,common
77,117,0.10561604151404813,Dragon,10.0,770.0,common
52,113,0.11113940707562797,Goblin,1.0,52.0,common
51,106,0.14341794832265642,Goblin,1.0,51.0,common
31,177,0.10503996900987767,Goblin,1.0,31.0,common
85,57,0.5578324457473909,Dragon,10.0,850.0,common
49,93,0.476853112917054,Orc,2.0,98.0,common
69,189,0.10481284967810534,Goblin,1.0,69.0,common
48,111,0.5852411582025923,Orc,2.0,96.0,common
21,122,0.769091611203189,Goblin,1.0,21.0,common
15,154,0.5706116644528049,Orc,2.0,30.0,common
67,79,0.08107776030853264,Goblin,1.0,67.0,common
13,64,0.2238542529998243,Dragon,10.0,130.0,common
43,111,0.6941780005866314,Goblin,1.0,43.0,common
20,182,0.2113591938500321,Goblin,1.0,20.0,common
82,176,0.4255584475913021,Dragon,10.0,820.0,common
12,89,0.1652359824304227,Goblin,1.0,12.0,common
21,158,0.9891078989725182,Orc,2.0,42.0,legendary
86,112,0.6190027693120124,Orc,2.0,172.0,common
87,148,0.9308182148350294,Goblin,1.0,87.0,rarity
45,151,0.7223718823931305,Goblin,1.0,45.0,common
43,84,0.8487625251605527,Goblin,1.0,43.0,rarity
48,177,0.34951497284623423,Goblin,1.0,48.0,common
62,51,0.5854823984148776,Orc,2.0,124.0,common
69,144,0.9461962100282473,Goblin,1.0,69.0,rarity
81,167,0.5121840033739408,Orc,2.0,162.0,common
63,164,0.7783680243296893,Goblin,1.0,63.0,common
51,142,0.2896720849371872,Goblin,1.0,51.0,common
46,153,0.08398533763084426,Goblin,1.0,46.0,common
76,155,0.3374067198785251,Orc,2.0,152.0,common
64,103,0.5006254015999718,Goblin,1.0,64.0,common
46,197,0.9462617047470497,Orc,2.0,92.0,rarity
23,93,0.24160992965102213,Goblin,1.0,23.0,common
99,101,0.0497435076449233,Orc,2.0,198.0,common
96,180,0.827579495853093,Goblin,1.0,96.0,rarity
25,99,0.9309049203119418,Goblin,1.0,25.0,rarity
85,96,0.5720724644887883,Orc,2.0,170.0,common
10,197,0.5553021907857218,Goblin,1.0,10.0,common
90,182,0.5106567345162247,Orc,2.0,180.0,common
92,129,0.9708422462556586,Goblin,1.0,92.0,legendary
92,173,0.46114546089403774,Goblin,1.0,92.0,common
55,102,0.16661977622885316,Goblin,1.0,55.0,common
87,192,0.5252860689687775,Goblin,1.0,87.0,common
76,102,0.6257271718176592,Goblin,1.0,76.0,common
79,185,0.7107800023972081,Goblin,1.0,79.0,common
52,157,0.5586293053175329,Goblin,1.0,52.0,common
94,52,0.09016939111520972,Orc,2.0,188.0,common
40,157,0.5792049710655266,Goblin,1.0,40.0,common
52,198,0.7980539690155978,Goblin,1.0,52.0,common
62,112,0.38862230011259014,Goblin,1.0,62.0,common
56,81,0.7017140250128988,Goblin,1.0,56.0,common
48,90,0.3285966666052488,Goblin,1.0,48.0,common
47,67,0.6446464083364891,Orc,2.0,94.0,common
13,117,0.9140184496880968,Goblin,1.0,13.0,rarity
38,74,0.6283453520922828,Goblin,1.0,38.0,common
31,159,0.4083248704942054,Goblin,1.0,31.0,common
43,82,0.8863647193507277,Orc,2.0,86.0,rarity
60,147,0.2703024043703621,Goblin,1.0,60.0,common
64,94,0.9137908166635746,Dragon,10.0,640.0,rarity
89,77,0.9805982984872003,Goblin,1.0,89.0,legendary
13,165,0.8409496925221017,Goblin,1.0,13.0,rarity
70,103,0.7616899058474175,Goblin,1.0,70.0,common
71,103,0.5762919234083757,Goblin,1.0,71.0,common
90,195,0.45951680547523654,Goblin,1.0,90.0,common
28,117,0.5847281216702739,Orc,2.0,56.0,common
12,151,0.7210491607272915,Goblin,1.0,12.0,common
76,55,0.21846665758206107,Goblin,1.0,76.0,common
98,137,0.5258326591869601,Orc,2.0,196.0,common
78,103,0.10877147526133246,Goblin,1.0,78.0,common
19,61,0.6858687156841042,Goblin,1.0,19.0,common
17,69,0.2499352148185907,Goblin,1.0,17.0,common
55,52,0.26813958832080065,Goblin,1.0,55.0,common
77,190,0.25839793287451795,Goblin,1.0,77.0,common
30,126,0.9429609084197575,Orc,2.0,60.0,rarity
24,58,0.4927073588937664,Orc,2.0,48.0,common
52,149,0.629757223077763,Orc,2.0,104.0,common
32,109,0.15061274551168613,Orc,2.0,64.0,common
35,189,0.05848538374975276,Orc,2.0,70.0,common
75,80,0.15310828807305166,Goblin,1.0,75.0,common
18,197,0.14228457309833586,Goblin,1.0,18.0,common
21,180,0.7381590033326,Goblin,1.0,21.0,common
84,133,0.24484878328004922,Goblin,1.0,84.0,common
15,135,0.9028160746666883,Goblin,1.0,15.0,rarity
46,115,0.12983708537915328,Orc,2.0,92.0,common
44,93,0.7633060812252958,Goblin,1.0,44.0,common
41,68,0.012103948690477484,Orc,2.0,82.0,common
11,81,0.3729113277105883,Orc,2.0,22.0,common
40,157,0.7307448307323506,Goblin,1.0,40.0,common
72,61,0.3726595493247713,Goblin,1.0,72.0,common
46,186,0.4883257682693555,Goblin,1.0,46.0,common
20,96,0.7235925433103046,Orc,2.0,40.0,common
58,51,0.035014095231534426,Goblin,1.0,58.0,common
50,169,0.8990241702545243,Orc,2.0,100.0,rarity
73,138,0.9885632020259583,Orc,2.0,146.0,legendary
94,68,0.13426461288675084,Orc,2.0,188.0,common
24,122,0.1593518004880875,Goblin,1.0,24.0,common
58,86,0.8225114972290423,Goblin,1.0,58.0,rarity
78,184,0.3236996199159935,Dragon,10.0,780.0,common
84,148,0.38169920607479946,Orc,2.0,168.0,common
77,103,0.7729975644831073,Goblin,1.0,77.0,common
40,189,0.7157068257551935,Goblin,1.0,40.0,common
69,156,0.015476097787548881,Goblin,1.0,69.0,common
25,172,0.6876185939868272,Goblin,1.0,25.0,common
78,72,0.6506819971860783,Goblin,1.0,78.0,common
82,107,0.37462437903685675,Goblin,1.0,82.0,common
93,84,0.9311096189868105,Goblin,1.0,93.0,rarity
46,88,0.6519291531288994,Goblin,1.0,46.0,common
38,78,0.27886021324877386,Orc,2.0,76.0,common
76,81,0.9422244192922903,Dragon,10.0,760.0,rarity
86,181,0.8385451112333406,Goblin,1.0,86.0,rarity
95,121,0.045109840141647206,Orc,2.0,190.0,common
89,106,0.5926683567004338,Orc,2.0,178.0,common
89,119,0.3938955223529135,Goblin,1.0,89.0,common
63,89,0.305714813918873,Goblin,1.0,63.0,common
89,63,0.9991604052748425,Dragon,10.0,890.0,legendary
10,130,0.24336401528211238,Goblin,1.0,10.0,common
27,55,0.8454685369522648,Goblin,1.0,27.0,rarity
84,84,0.6496949109696599,Goblin,1.0,84.0,common
44,154,0.4590813581834766,Orc,2.0,88.0,common
46,145,0.8853075006048499,Dragon,10.0,460.0,rarity
96,120,0.893303192751008,Goblin,1.0,96.0,rarity
17,199,0.8743244931114024,Goblin,1.0,17.0,rarity
35,176,0.9378653046173479,Goblin,1.0,35.0,rarity
27,165,0.4872105831464183,Orc,2.0,54.0,common
19,101,0.6813984833663062,Dragon,10.0,190.0,common
86,82,0.8343324505467169,Dragon,10.0,860.0,rarity
60,189,0.7879768617043234,Goblin,1.0,60.0,common
36,88,0.6549431967268842,Orc,2.0,72.0,common
47,75,0.40824185671929225,Goblin,1.0,47.0,common
14,92,0.8180753993590583,Goblin,1.0,14.0,rarity
64,148,0.08362815399247181,Goblin,1.0,64.0,common
15,172,0.9390074163915908,Orc,2.0,30.0,rarity
13,126,0.5963031836134047,Goblin,1.0,13.0,common
54,123,0.9707950225087992,Orc,2.0,108.0,legendary
39,176,0.8171115895632625,Goblin,1.0,39.0,rarity
42,70,0.0081351962390388,Goblin,1.0,42.0,common
41,63,0.11910873646796039,Goblin,1.0,41.0,common
87,155,0.09858086514589359,Goblin,1.0,87.0,common
83,109,0.35726022326183904,Goblin,1.0,83.0,common
93,132,0.5007743286431363,Orc,2.0,186.0,common
97,107,0.6363257405105417,Goblin,1.0,97.0,common
29,194,0.2456273755836461,Goblin,1.0,29.0,common
78,137,0.9593903486512564,Orc,2.0,156.0,legendary
67,170,0.8330612080500791,Orc,2.0,134.0,rarity
57,93,0.7538130350201855,Goblin,1.0,57.0,common
96,155,0.28613153157771776,Goblin,1.0,96.0,common
30,56,0.38663971271299,Goblin,1.0,30.0,common
33,161,0.39552502939666945,Goblin,1.0,33.0,common
38,127,0.081718128525325,Goblin,1.0,38.0,common
12,81,0.11833069941283736,Orc,2.0,24.0,common
64,104,0.20357240194312176,Goblin,1.0,64.0,common
47,112,0.3820558311951363,Goblin,1.0,47.0,common
63,138,0.7070843892618832,Dragon,10.0,630.0,common
10,92,0.5822974006256144,Goblin,1.0,10.0,common
22,186,0.7392479614503201,Orc,2.0,44.0,common
26,154,0.21988708500371046,Orc,2.0,52.0,common
44,55,0.794908709556287,Orc,2.0,88.0,common
62,65,0.9974357611056313,Goblin,1.0,62.0,legendary
55,82,0.5955523542550298,Goblin,1.0,55.0,common
15,186,0.6524117340863559,Goblin,1.0,15.0,common
60,93,0.25881781568215045,Orc,2.0,120.0,common
97,147,0.9830192531907227,Orc,2.0,194.0,legendary
94,193,0.13170834974783663,Goblin,1.0,94.0,common
74,63,0.2678365192026597,Goblin,1.0,74.0,common
30,156,0.9193232116577771,Orc,2.0,60.0,rarity
89,76,0.20496752549040254,Orc,2.0,178.0,common
75,137,0.33267691250928244,Orc,2.0,150.0,common
26,123,0.5935989475249097,Goblin,1.0,26.0,common
86,184,0.8491385128306865,Orc,2.0,172.0,rarity
56,193,0.20604115923973032,Orc,2.0,112.0,common
89,128,0.20756896651897405,Goblin,1.0,89.0,common
56,55,0.8296415007226736,Goblin,1.0,56.0,rarity
60,88,0.17650881753518066,Orc,2.0,120.0,common
60,109,0.6731412487810792,Goblin,1.0,60.0,common
93,107,0.08505404271650963,Goblin,1.0,93.0,common
81,116,0.781360715740646,Goblin,1.0,81.0,common
36,183,0.380348927725765,Goblin,1.0,36.0,common
77,86,0.31485371864331,Orc,2.0,154.0,common
85,160,0.8525372725395868,Orc,2.0,170.0,rarity
36,122,0.34083763521442967,Dragon,10.0,360.0,common
78,127,0.0455633000867991,Goblin,1.0,78.0,common
55,168,0.3130281369082446,Orc,2.0,110.0,common
46,95,0.5473545372250682,Orc,2.0,92.0,common
71,176,0.8581878344546535,Goblin,1.0,71.0,rarity
48,59,0.6151019347143072,Goblin,1.0,48.0,common
24,51,0.8746152444979491,Goblin,1.0,24.0,rarity
97,185,0.2830015204691976,Goblin,1.0,97.0,common
34,64,0.39918976415307406,Goblin,1.0,34.0,common
93,53,0.421979109879581,Goblin,1.0,93.0,common
46,65,0.46441825924758595,Orc,2.0,92.0,common
14,104,0.3941523417252851,Orc,2.0,28.0,common
43,197,0.07485539616617021,Goblin,1.0,43.0,common
29,152,0.439780523992093,Goblin,1.0,29.0,common
85,127,0.05816478645941725,Goblin,1.0,85.0,common
96,78,0.7553834040182176,Orc,2.0,192.0,common
14,196,0.5889685009265793,Orc,2.0,28.0,common
97,177,0.9093782263293168,Orc,2.0,194.0,rarity
17,193,0.17559695359173033,Dragon,10.0,170.0,common
68,131,0.3855866314409331,Orc,2.0,136.0,common
67,165,0.7289443583612305,Goblin,1.0,67.0,common
47,166,0.6436325964807598,Goblin,1.0,47.0,common
75,81,0.6645079849137807,Orc,2.0,150.0,common
11,97,0.8230345589357463,Goblin,1.0,11.0,rarity
56,126,0.11728151577601009,Orc,2.0,112.0,common
20,106,0.7802562581851576,Orc,2.0,40.0,common
49,62,0.9248381307610262,Goblin,1.0,49.0,rarity
33,119,0.11356545100932114,Goblin,1.0,33.0,common
99,146,0.22843920803149065,Goblin,1.0,99.0,common
86,130,0.8562227012684687,Goblin,1.0,86.0,rarity
69,86,0.28201083059240706,Goblin,1.0,69.0,common
47,105,0.25354988307258275,Orc,2.0,94.0,common
82,91,0.43906694056460194,Goblin,1.0,82.0,common
16,169,0.7540192877596423,Goblin,1.0,16.0,common
33,95,0.3295985920053166,Goblin,1.0,33.0,common
37,196,0.8708791166257243,Orc,2.0,74.0,rarity
79,63,0.34965249111518604,Goblin,1.0,79.0,common
48,108,0.5212739363221501,Orc,2.0,96.0,common
55,71,0.1741378356045471,Orc,2.0,110.0,common
31,88,0.429532271439809,Goblin,1.0,31.0,common
12,115,0.20194154285092059,Goblin,1.0,12.0,common
48,53,0.6251939837681034,Goblin,1.0,48.0,common
77,131,0.179109591365617,Goblin,1.0,77.0,common
89,189,0.2945382043346605,Goblin,1.0,89.0,common
68,115,0.7891495632787255,Dragon,10.0,680.0,common
47,160,0.9370326896395231,Orc,2.0,94.0,rarity
21,73,0.7782687363674278,Orc,2.0,42.0,common
83,172,0.23027249351273815,Goblin,1.0,83.0,common
16,143,0.8973041830558616,Goblin,1.0,16.0,rarity
90,187,0.3809928129891774,Goblin,1.0,90.0,common
59,128,0.9175132711326865,Orc,2.0,118.0,rarity
59,81,0.2909528136558628,Orc,2.0,118.0,common
51,76,0.9622062480313167,Goblin,1.0,51.0,legendary
19,193,0.8192081890014766,Orc,2.0,38.0,rarity
10,131,0.7178025369703925,Goblin,1.0,10.0,common
32,191,0.8638318980268648,Goblin,1.0,32.0,rarity
28,176,0.8605739854463279,Goblin,1.0,28.0,rarity
49,117,0.4478128304829606,Orc,2.0,98.0,common
75,105,0.7340156182469678,Orc,2.0,150.0,common
22,51,0.989549700321826,Goblin,1.0,22.0,legendary
76,139,0.738362704959871,Goblin,1.0,76.0,common
33,60,0.8566214031506688,Goblin,1.0,33.0,rarity
93,189,0.7812230844660637,Dragon,10.0,930.0,common
25,187,0.057747807946570306,Orc,2.0,50.0,common
20,73,0.7164255240584271,Goblin,1.0,20.0,common
15,130,0.37316328915385777,Dragon,10.0,150.0,common
97,141,0.9301827380947999,Goblin,1.0,97.0,rarity
34,184,0.6029676097346223,Goblin,1.0,34.0,common
85,148,0.8407477876864916,Orc,2.0,170.0,rarity
88,159,0.32934691415264983,Goblin,1.0,88.0,common
33,58,0.408378596046325,Orc,2.0,66.0,common
81,106,0.33677850802672005,Goblin,1.0,81.0,common
28,182,0.7805395504059153,Goblin,1.0,28.0,common
65,179,0.06051549554844449,Goblin,1.0,65.0,common
67,162,0.5855759737873025,Goblin,1.0,67.0,common
21,64,0.41959870614045514,Goblin,1.0,21.0,common
79,148,0.5982465917196643,Goblin,1.0,79.0,common
22,144,0.3696778241261992,Orc,2.0,44.0,common
77,88,0.2215361912855197,Goblin,1.0,77.0,common
11,90,0.04488076753150383,Goblin,1.0,11.0,common
51,188,0.550087136237972,Goblin,1.0,51.0,common
11,66,0.46480397023891384,Goblin,1.0,11.0,common
69,103,0.5792745307323575,Goblin,1.0,69.0,common
74,125,0.8152193109373285,Orc,2.0,148.0,rarity
44,153,0.6319215926898376,Goblin,1.0,44.0,common
53,141,0.4622787545130823,Orc,2.0,106.0,common
27,70,0.5309376410076347,Orc,2.0,54.0,common
60,199,0.6434958101542253,Orc,2.0,120.0,common
64,193,0.38852467339978636,Dragon,10.0,640.0,common
15,189,0.4774548419379302,Orc,2.0,30.0,common
95,143,0.7525712468939216,Goblin,1.0,95.0,common
13,134,0.9677420603729084,Goblin,1.0,13.0,legendary
37,137,0.48102448369388073,Goblin,1.0,37.0,common
24,54,0.6598181065235174,Goblin,1.0,24.0,common
51,85,0.6470704642639682,Orc,2.0,102.0,common
46,134,0.7059873359502336,Orc,2.0,92.0,common
71,161,0.575121151165115,Orc,2.0,142.0,common
85,183,0.6312815465033189,Goblin,1.0,85.0,common
47,137,0.8593971632722808,Goblin,1.0,47.0,rarity
40,181,0.6039723206210877,Orc,2.0,80.0,common
32,132,0.06412105203938046,Goblin,1.0,32.0,common
12,147,0.8741487894230066,Orc,2.0,24.0,rarity
16,70,0.6179896700506108,Goblin,1.0,16.0,common
73,54,0.14619398926224025,Orc,2.0,146.0,common
96,167,0.8534391755058571,Goblin,1.0,96.0,rarity
13,130,0.042699764460630285,Goblin,1.0,13.0,common
89,93,0.7266960404921623,Orc,2.0,178.0,common
58,80,0.626982018196632,Goblin,1.0,58.0,common
61,91,0.4085663687192441,Goblin,1.0,61.0,common
28,163,0.5609777207997512,Goblin,1.0,28.0,common
12,125,0.5506494799985406,Goblin,1.0,12.0,common
15,119,0.2961396896598887,Goblin,1.0,15.0,common
96,70,0.4430078540571786,Orc,2.0,192.0,common
30,108,0.15776813470282758,Orc,2.0,60.0,common
40,132,0.38745496472993723,Orc,2.0,80.0,common
50,77,0.9013911238650869,Goblin,1.0,50.0,rarity
67,164,0.837634088289339,Orc,2.0,134.0,rarity
40,124,0.03962191363721013,Orc,2.0,80.0,common
92,165,0.35018557259671357,Goblin,1.0,92.0,common
13,159,0.18904551172393125,Goblin,1.0,13.0,common
86,95,0.5861285115134499,Dragon,10.0,860.0,common
57,175,0.19167475254218336,Goblin,1.0,57.0,common
26,89,0.11772935078442004,Goblin,1.0,26.0,common
24,82,0.7662948656396786,Goblin,1.0,24.0,common
27,96,0.9531493497166527,Goblin,1.0,27.0,legendary
20,72,0.3334719191590986,Orc,2.0,40.0,common
66,108,0.3779241146748227,Goblin,1.0,66.0,common
13,124,0.11101073097206915,Orc,2.0,26.0,common
65,137,0.358080755442418,Orc,2.0,130.0,common
54,141,0.7481037500288193,Goblin,1.0,54.0,common
19,60,0.183111327553646,Orc,2.0,38.0,common
22,191,0.24230942432785396,Goblin,1.0,22.0,common
85,187,0.6453314622698315,Goblin,1.0,85.0,common
27,175,0.8651386629375538,Dragon,10.0,270.0,rarity
93,181,0.6574892222313355,Goblin,1.0,93.0,common
69,138,0.47313384440026873,Orc,2.0,138.0,common
61,115,0.11553598402799303,Goblin,1.0,61.0,common
42,95,0.7057969353785599,Goblin,1.0,42.0,common
20,155,0.6788646345801345,Goblin,1.0,20.0,common
88,82,0.3271324384970925,Orc,2.0,176.0,common
29,102,0.6153671322661572,Goblin,1.0,29.0,common
25,181,0.2138970934492075,Dragon,10.0,250.0,common
95,115,0.6768587897135856,Goblin,1.0,95.0,common
77,135,0.7414925514059406,Orc,2.0,154.0,common
29,158,0.29060005503261355,Goblin,1.0,29.0,common
79,97,0.22705643670732267,Orc,2.0,158.0,common
94,76,0.4311021158709045,Goblin,1.0,94.0,common
99,195,0.5090946570393432,Orc,2.0,198.0,common
31,111,0.9070685810127134,Goblin,1.0,31.0,rarity
41,101,0.045101136601321534,Goblin,1.0,41.0,common
13,198,0.32501517516524514,Goblin,1.0,13.0,common
63,53,0.7855134590589579,Orc,2.0,126.0,common
99,68,0.9942657826484216,Orc,2.0,198.0,legendary
68,140,0.19927790175755755,Goblin,1.0,68.0,common
27,97,0.6288789232958527,Orc,2.0,54.0,common
25,179,0.7938437589404697,Goblin,1.0,25.0,common
57,105,0.17892596910324388,Orc,2.0,114.0,common
29,87,0.78888484419449,Orc,2.0,58.0,common
21,54,0.4919375503799731,Orc,2.0,42.0,common
65,137,0.9157542545418658,Goblin,1.0,65.0,rarity
36,100,0.21362987445861603,Goblin,1.0,36.0,common
34,144,0.9751506106472754,Goblin,1.0,34.0,legendary
50,92,0.9569214842626838,Orc,2.0,100.0,legendary
75,198,0.6105490614952199,Orc,2.0,150.0,common
61,174,0.17838862806751954,Dragon,10.0,610.0,common
84,126,0.819376796491636,Orc,2.0,168.0,rarity
14,122,0.9678640796663445,Orc,2.0,28.0,legendary
31,133,0.006455997965912341,Goblin,1.0,31.0,common
27,190,0.12340728458980932,Goblin,1.0,27.0,common
51,197,0.3991703136879542,Goblin,1.0,51.0,common
34,52,0.7088658790761234,Goblin,1.0,34.0,common
20,86,0.8210650724264388,Goblin,1.0,20.0,rarity
48,175,0.2742685779449001,Goblin,1.0,48.0,common
37,96,0.2799933365643227,Orc,2.0,74.0,common
10,54,0.6392484383884558,Orc,2.0,20.0,common
60,165,0.8640045778150424,Orc,2.0,120.0,rarity
21,58,0.6317677379098051,Orc,2.0,42.0,common
74,163,0.7370889559093858,Goblin,1.0,74.0,common
15,58,0.23554040616714855,Goblin,1.0,15.0,common
51,199,0.5059844101570603,Goblin,1.0,51.0,common
87,57,0.5859045838171035,Goblin,1.0,87.0,common
26,57,0.20985452052472853,Orc,2.0,52.0,common
54,98,0.20248461801334572,Goblin,1.0,54.0,common
87,151,0.9925485060926753,Goblin,1.0,87.0,legendary
78,128,0.6722243961222067,Orc,2.0,156.0,common
34,163,0.10016584758340374,Orc,2.0,68.0,common
34,137,0.15635529364714928,Orc,2.0,68.0,common
14,159,0.7492322730599348,Orc,2.0,28.0,common
26,143,0.7666990958638662,Goblin,1.0,26.0,common
57,126,0.022498469251090558,Goblin,1.0,57.0,common
21,54,0.006035605910646891,Goblin,1.0,21.0,common
97,124,0.5430737182478153,Goblin,1.0,97.0,common
74,162,0.9754080695353177,Goblin,1.0,74.0,legendary
74,198,0.24969437631836056,Goblin,1.0,74.0,common
75,144,0.03374809033974746,Goblin,1.0,75.0,common
95,59,0.9624402333459519,Goblin,1.0,95.0,legendary
12,108,0.8133913443302357,Dragon,10.0,120.0,rarity
27,68,0.9104557877957024,Goblin,1.0,27.0,rarity
32,107,0.05276363651578342,Goblin,1.0,32.0,common
23,187,0.4866411674711777,Goblin,1.0,23.0,common
24,51,0.4279817430102647,Goblin,1.0,24.0,common
11,188,0.2051638157184842,Goblin,1.0,11.0,common
26,62,0.5483938064971147,Goblin,1.0,26.0,common
79,105,0.011037061521506963,Goblin,1.0,79.0,common
59,147,0.6538495527389088,Goblin,1.0,59.0,common
68,134,0.1724982211528121,Orc,2.0,136.0,common
42,193,0.3260367075468157,Orc,2.0,84.0,common
74,115,0.3876068127994303,Goblin,1.0,74.0,common
83,183,0.8670985103340954,Goblin,1.0,83.0,rarity
70,108,0.18324823745732055,Goblin,1.0,70.0,common
63,116,0.24517513114594802,Goblin,1.0,63.0,common
13,139,0.4906274692560657,Goblin,1.0,13.0,common
96,170,0.7587871458019692,Orc,2.0,192.0,common
58,93,0.2454361619073403,Orc,2.0,116.0,common
48,89,0.8112237102701647,Orc,2.0,96.0,rarity
79,70,0.8800658166319396,Goblin,1.0,79.0,rarity
81,123,0.6583758601564991,Goblin,1.0,81.0,common
82,129,0.875979670452079,Orc,2.0,164.0,rarity
27,107,0.835166722211728,Goblin,1.0,27.0,rarity
50,150,0.21002768328122323,Orc,2.0,100.0,common
84,87,0.8497645661513368,Orc,2.0,168.0,rarity
38,163,0.4925620015711887,Orc,2.0,76.0,common
64,51,0.3991653188965463,Goblin,1.0,64.0,common
74,84,0.10929568831924885,Orc,2.0,148.0,common
82,80,0.8088150485664765,Orc,2.0,164.0,rarity
18,77,0.946431895825559,Goblin,1.0,18.0,rarity
33,196,0.693334433977357,Goblin,1.0,33.0,common
93,172,0.7529183456913514,Orc,2.0,186.0,common
10,50,0.5464439283673543,Goblin,1.0,10.0,common
64,179,0.43931034444813466,Goblin,1.0,64.0,common
43,87,0.0018932896997271298,Goblin,1.0,43.0,common
64,94,0.17275412273972146,Orc,2.0,128.0,common
30,112,0.14392665887516765,Goblin,1.0,30.0,common
58,105,0.6721665454663425,Goblin,1.0,58.0,common
94,82,0.7870534325147855,Orc,2.0,188.0,common
82,167,0.5291893630282478,Goblin,1.0,82.0,common
46,194,0.21323157765434797,Dragon,10.0,460.0,common
27,181,0.5137155894778087,Orc,2.0,54.0,common
44,188,0.8885238564099204,Goblin,1.0,44.0,rarity
54,55,0.9716481904158204,Orc,2.0,108.0,legendary
72,189,0.605534473680915,Goblin,1.0,72.0,common
69,100,0.5706047407549935,Goblin,1.0,69.0,common
41,149,0.22417788219421453,Dragon,10.0,410.0,common
52,115,0.9408505425103353,Orc,2.0,104.0,rarity
97,105,0.6907575716460669,Goblin,1.0,97.0,common
12,172,0.9575415764982117,Orc,2.0,24.0,legendary
88,118,0.6969272839412383,Dragon,10.0,880.0,common
90,65,0.2871910722947184,Goblin,1.0,90.0,common
71,127,0.3448542335133826,Goblin,1.0,71.0,common
62,56,0.3687866536903096,Orc,2.0,124.0,common
52,147,0.6195516114588403,Goblin,1.0,52.0,common
98,128,0.010410561408404906,Goblin,1.0,98.0,common
58,65,0.6999478162168147,Orc,2.0,116.0,common
28,149,0.9415572507506185,Goblin,1.0,28.0,rarity
91,190,0.4120794071142335,Goblin,1.0,91.0,common
78,110,0.09611175202675748,Orc,2.0,156.0,common
30,133,0.6493068895547673,Goblin,1.0,30.0,common
50,187,0.7448901394280275,Goblin,1.0,50.0,common
58,51,0.39548023820931544,Orc,2.0,116.0,common
73,158,0.6934916615497992,Dragon,10.0,730.0,common
89,114,0.15837729128768485,Orc,2.0,178.0,common
47,63,0.9820417835911085,Goblin,1.0,47.0,legendary
45,61,0.7060495281015131,Orc,2.0,90.0,common
11,153,0.5006331461447009,Dragon,10.0,110.0,common
28,108,0.5403074078736361,Goblin,1.0,28.0,common
81,173,0.1343955394245675,Dragon,10.0,810.0,common
47,87,0.2976175963596296,Goblin,1.0,47.0,common
64,157,0.6401077136599522,Goblin,1.0,64.0,common
53,121,0.4795743830316267,Orc,2.0,106.0,common
34,93,0.3800222734693586,Goblin,1.0,34.0,common
10,53,0.9314685312494295,Orc,2.0,20.0,rarity
86,146,0.7429403338405162,Goblin,1.0,86.0,common
50,110,0.37066241948720235,Dragon,10.0,500.0,common
39,77,0.12127061841657205,Orc,2.0,78.0,common
87,113,0.4238000379702912,Goblin,1.0,87.0,common
16,114,0.7845367208398882,Orc,2.0,32.0,common
97,80,0.5587326100521798,Orc,2.0,194.0,common
68,150,0.5519469841807282,Goblin,1.0,68.0,common
43,170,0.7933101714376809,Goblin,1.0,43.0,common
69,129,0.693338043326001,Orc,2.0,138.0,common
18,129,0.5333775118609928,Goblin,1.0,18.0,common
68,126,0.3091704240885257,Orc,2.0,136.0,common
95,121,0.13047652345915073,Dragon,10.0,950.0,common
67,131,0.09669955744384262,Goblin,1.0,67.0,common
48,142,0.3098073080552518,Goblin,1.0,48.0,common
52,158,0.48613624575650005,Goblin,1.0,52.0,common
16,101,0.8699299489386133,Goblin,1.0,16.0,rarity
99,76,0.3916098230962728,Orc,2.0,198.0,common
90,111,0.18460691208403446,Goblin,1.0,90.0,common
62,95,0.15017650829458296,Goblin,1.0,62.0,common
83,94,0.5258200623140971,Goblin,1.0,83.0,common
91,87,0.051532249403279606,Goblin,1.0,91.0,common
18,92,0.011632204497590615,Goblin,1.0,18.0,common
37,92,0.6357412320242669,Goblin,1.0,37.0,common
57,104,0.9834017495687261,Goblin,1.0,57.0,legendary
37,151,0.6375230359912731,Goblin,1.0,37.0,common
37,116,0.5592745944779909,Dragon,10.0,370.0,common
51,67,0.7442300755098771,Orc,2.0,102.0,common
25,197,0.5684105475062324,Orc,2.0,50.0,common
92,118,0.41906687609886795,Orc,2.0,184.0,common
